{"cameraMode":{"drawMode":0,"name":"Shaded","section":"Shading Mode"},"sceneLighting":true,"audioPlay":false,"sceneViewState":{"showFog":false,"showMaterialUpdate":false,"showSkybox":false,"showFlares":false,"showImageEffects":false,"showParticleSystems":false},"in2DMode":false,"pivot":{"x":20.338153839111329,"y":8.820086479187012,"z":1.0722522735595704},"rotation":{"x":-0.10668782889842987,"y":0.27506694197654726,"z":0.03073076903820038,"w":0.954992949962616},"size":16.970781326293947,"orthographic":false}