{"cameraMode":{"drawMode":0,"name":"Shaded","section":"Shading Mode"},"sceneLighting":true,"audioPlay":false,"sceneViewState":{"showFog":false,"showMaterialUpdate":false,"showSkybox":false,"showFlares":false,"showImageEffects":false,"showParticleSystems":false},"in2DMode":false,"pivot":{"x":10.944653511047364,"y":1.3118302822113038,"z":5.634896278381348},"rotation":{"x":-0.011636015959084034,"y":0.1292707920074463,"z":-0.0015176929300650955,"w":-0.9915398955345154},"size":10.38646411895752,"orthographic":false}